lp,lc,RMSE,MAE
20,6,0.08145044373275916,0.06678936386086251
20,8,0.076641660520541,0.06284616162684362
20,12,0.08338653509567684,0.06837695877845501
30,6,0.07722236575475555,0.06332233991889955
30,8,0.0740569013077495,0.06072665907235459
30,12,0.08212364604576643,0.06734138975752847
40,6,0.07804041363105485,0.06399313917746498
40,8,0.07688165968434903,0.0630429609411662
40,12,0.08424429607909961,0.06908032278486168
