lp,lc,rmse
20,6,0.4711111111111111
20,8,0.35111111111111115
20,12,0.35111111111111115
30,6,0.36
30,8,0.24000000000000002
30,12,0.24000000000000002
40,6,0.4711111111111111
40,8,0.35111111111111115
40,12,0.35111111111111115
